"","Method","RMSE","MAE"
"1","Ensemble","92.6297333919606","54.3207093477607"
